,p1,p2,p3,p4,p5,p6,p7,p8,p9,p10,p11,p12,p13,p14,p15,p16,p17,p18,p19,p20,p21,p22,p23,p24,p25,p26,p27,p28,p29,p30,p31,p32,p33,p34,p35,p36,p37,p38,p39
0,DMGCIG,CIGKCG,KEGKDG,XXGDKG,XVGC3G,CLGK1G,KKGKKG,KQGE4G,XHGCZG,EQGXKG,KEGKQG,ETGCLG,DEGEQG,XNGDNG,KIGXLG,XKGDNG,DXGCFG,CIGCVG,EEGKKG,ETGC3G,X3GKNG,XXGXEG,XXGKDG,XMGEEG,EMGDEG,DEGEDG,,,,,,,,,,,,,
1,KQGKDG,K4GDDG,KQGDNG,K4GEKG,DEGE1G,EKGKVG,EYGKEG,EDGDDG,,,,,,,,,,,,,,,,,,,,,,,,,,,,,,,
2,KFGKXG,KKGXVG,XKGK1G,XKGX1G,XEGX1G,EXGKVG,EXGK1G,EKGX1G,,,,,,,,,,,,,,,,,,,,,,,,,,,,,,,
3,KEGKIG,KKGEIG,KKGEVG,KEGEIG,KQGEIG,CMGEZG,EKGETG,EHGETG,,,,,,,,,,,,,,,,,,,,,,,,,,,,,,,
4,KTGE3G,KQGEVG,DEGKZG,EKGKTG,EHGKYG,EHGK1G,EHGK3G,EQGKZG,,,,,,,,,,,,,,,,,,,,,,,,,,,,,,,
5,KQGKTG,KQGXKG,KZGD1G,KHGETG,KCGEHG,KQGEHG,DCGDZG,EDGKKG,,,,,,,,,,,,,,,,,,,,,,,,,,,,,,,
6,KVGDEG,KIGEKG,KIGENG,KVGEXG,KVGENG,EKGKIG,EVGKKG,ENGKZG,,,,,,,,,,,,,,,,,,,,,,,,,,,,,,,
7,KEGKVG,KVGKFG,KWGKTG,KEGEKG,KWGEKG,ETGKQG,EWGKNG,EZGKXG,,,,,,,,,,,,,,,,,,,,,,,,,,,,,,,
8,KEGKEG,KEGEMG,KMGEEG,KQGEKG,XEGKZG,EKGKEG,ELGKKG,EKGEKG,,,,,,,,,,,,,,,,,,,,,,,,,,,,,,,
9,KEGXEG,KEGEXG,KQGEQG,XEGEMG,XQGETG,EEGKMG,EMGKEG,EKGEXG,,,,,,,,,,,,,,,,,,,,,,,,,,,,,,,
10,EXGKEG,EXGKLG,EMGKMG,EMGKQG,EQGKMG,EEGXKG,EEGXQG,EXGEKG,,,,,,,,,,,,,,,,,,,,,,,,,,,,,,,
11,KKGKXG,KKGKHG,KHGKMG,K1GKKG,KKGXKG,XEGXZG,EZGXMG,EZGXQG,,,,,,,,,,,,,,,,,,,,,,,,,,,,,,,
12,XEGX4G,X4GXVG,X4GEQG,EQGKIG,E4GXEG,EQGX4G,EKGEQG,E4GEXG,,,,,,,,,,,,,,,,,,,,,,,,,,,,,,,
13,KEGEQG,XEGKEG,EEGKEG,EEGKQG,EQGKEG,EQGKQG,EEGEKG,EQGEKG,,,,,,,,,,,,,,,,,,,,,,,,,,,,,,,
14,KIGKEG,KQGKIG,KQGKVG,KKGXLG,KXGXHG,KLGXKG,XZGXXG,XZGXQG,,,,,,,,,,,,,,,,,,,,,,,,,,,,,,,
15,KTGKEG,KVGKEG,KQGXDG,KVGEKG,XQGKHG,CEGKKG,EKGKCG,ECGKKG,,,,,,,,,,,,,,,,,,,,,,,,,,,,,,,
16,KLGKEG,KMGXDG,KQGDZG,KZGEDG,DZGKEG,DQGKZG,EDGKZG,EZGKDG,,,,,,,,,,,,,,,,,,,,,,,,,,,,,,,
17,KDGKZG,KDGK3G,KTGKMG,KKGDZG,KZGDKG,KZGDMG,KZGDQG,KQGDQG,,,,,,,,,,,,,,,,,,,,,,,,,,,,,,,
18,KLGKIG,KIGKLG,KIGKTG,K1GKMG,K1GKQG,XZGKWG,EKGKMG,EXGKZG,,,,,,,,,,,,,,,,,,,,,,,,,,,,,,,
19,KEGKTG,KIGEXG,XEGEKG,XIGEKG,XQGEEG,EKGXEG,EKGDKG,EXGEEG,,,,,,,,,,,,,,,,,,,,,,,,,,,,,,,
20,KEGKFG,KHGXVG,KEGDKG,X3GKVG,CZGKMG,EKGKLG,EDGKMG,EKGDQG,,,,,,,,,,,,,,,,,,,,,,,,,,,,,,,
21,KQGEDG,X3GEQG,DEGKQG,EDGKQG,EVGKXG,EQGKLG,EQGKTG,E3GXQG,,,,,,,,,,,,,,,,,,,,,,,,,,,,,,,
22,KVGXEG,KXGDXG,XDGXQG,XZGXEG,DQGKEG,EIGKKG,EEGEXG,ENGEKG,,,,,,,,,,,,,,,,,,,,,,,,,,,,,,,
23,KTGKIG,KKGEDG,KEGELG,KQGETG,XZGKIG,XDGXKG,XKGDXG,XVGEKG,,,,,,,,,,,,,,,,,,,,,,,,,,,,,,,
24,KQGKEG,EKGKYG,EQGKCG,EKGCHG,EXGC3G,E4GCNG,EKGEMG,EMGEKG,,,,,,,,,,,,,,,,,,,,,,,,,,,,,,,
25,,,,,,,,,,,,,,,,,,,,,,,,,,,,,,,,,,,,,,,
26,,,,,,,,,,,,,,,,,,,,,,,,,,,,,,,,,,,,,,,
27,,,,,,,,,,,,,,,,,,,,,,,,,,,,,,,,,,,,,,,
28,,,,,,,,,,,,,,,,,,,,,,,,,,,,,,,,,,,,,,,
29,,,,,,,,,,,,,,,,,,,,,,,,,,,,,,,,,,,,,,,
30,,,,,,,,,,,,,,,,,,,,,,,,,,,,,,,,,,,,,,,
31,,,,,,,,,,,,,,,,,,,,,,,,,,,,,,,,,,,,,,,
32,,,,,,,,,,,,,,,,,,,,,,,,,,,,,,,,,,,,,,,
33,,,,,,,,,,,,,,,,,,,,,,,,,,,,,,,,,,,,,,,
34,,,,,,,,,,,,,,,,,,,,,,,,,,,,,,,,,,,,,,,
35,,,,,,,,,,,,,,,,,,,,,,,,,,,,,,,,,,,,,,,
36,,,,,,,,,,,,,,,,,,,,,,,,,,,,,,,,,,,,,,,
37,,,,,,,,,,,,,,,,,,,,,,,,,,,,,,,,,,,,,,,
38,,,,,,,,,,,,,,,,,,,,,,,,,,,,,,,,,,,,,,,
39,,,,,,,,,,,,,,,,,,,,,,,,,,,,,,,,,,,,,,,
